CourseID,CourseName,CourseCategory,CourseType,CourseLevel,CoursePrice,CourseDuration,CourseRating,PastEnrollments,PastRevenue,FutureEnrollments,FutureRevenue,TotalEnrollments,TotalRevenue,PastAvgMonthlyRevenue,RevenuePerEnrollment,YearsOfExperience,TeacherRating,Expertise,PriceBand,DurationBucket,RatingTier,ExperienceBucket,LevelEnc,ExpertiseMatch,Pred_FutureEnrollments,Pred_FutureRevenue
CR00001,Python Basics,Programming,Paid,Beginner,472.28,11.0,4.74,111,52423.079999999994,53,25030.84,164,77453.92,6282.513996850393,472.28,,,Unknown,High,Short,Top,Unknown,0.0,0.0,49.38449579285334,20957.550798809523
CR00002,Java Programming,Programming,Free,Intermediate,0.0,37.7,2.43,113,0.0,36,0.0,149,0.0,0.0,0.0,,,Unknown,Low,Medium,Standard,Unknown,1.0,0.0,46.14884981478116,0.0
CR00003,C++ for Beginners,Programming,Free,Beginner,0.0,19.53,3.85,119,0.0,54,0.0,173,0.0,0.0,0.0,,,Unknown,Low,Medium,Top,Unknown,0.0,0.0,50.19920383249717,0.0
CR00004,Advanced Python,Programming,Free,Beginner,0.0,45.13,2.88,107,0.0,47,0.0,154,0.0,0.0,0.0,,,Unknown,Low,Long,Good,Unknown,0.0,0.0,47.526067812687145,19.301015555555555
CR00005,Full Stack Development,Programming,Free,Beginner,0.0,28.68,1.28,122,0.0,44,0.0,166,0.0,0.0,0.0,,,Unknown,Low,Medium,Standard,Unknown,0.0,0.0,48.267249139284786,125.71270499999999
CR00006,Graphic Design Basics,Design,Paid,Advanced,276.37,48.84,2.72,112,30953.440000000002,44,12160.28,156,43113.72,3709.5382425196854,276.37,,,Unknown,High,Long,Good,Unknown,2.0,0.0,49.39029242395954,16877.85184317461
CR00007,UI/UX Design,Design,Free,Advanced,0.0,48.68,2.61,117,0.0,61,0.0,178,0.0,0.0,0.0,,,Unknown,Low,Long,Good,Unknown,2.0,0.0,46.670428238647375,27.90624888888889
CR00008,Photoshop Mastery,Design,Free,Advanced,0.0,2.87,1.52,106,0.0,52,0.0,158,0.0,0.0,0.0,,,Unknown,Low,Short,Standard,Unknown,2.0,0.0,50.39578634975191,56.790794999999996
CR00009,Web Design Fundamentals,Design,Free,Beginner,0.0,48.19,4.51,114,0.0,41,0.0,155,0.0,0.0,0.0,,,Unknown,Low,Long,Top,Unknown,0.0,0.0,50.310930278707225,27.610498888888888
CR00010,3D Modeling,Design,Free,Advanced,0.0,15.29,4.45,121,0.0,59,0.0,180,0.0,0.0,0.0,,,Unknown,Low,Short,Top,Unknown,2.0,0.0,52.462445401551236,0.0
CR00011,Entrepreneurship 101,Business,Paid,Intermediate,326.02,11.31,2.69,102,33254.04,49,15974.98,151,49229.02,3985.2479433070866,326.02,,,Unknown,High,Short,Good,Unknown,1.0,0.0,51.6884175421022,16862.28731982804
CR00012,Business Strategy,Business,Paid,Advanced,487.92,36.01,3.64,121,59038.32,52,25371.84,173,84410.16,7075.301026771654,487.92,,,Unknown,High,Medium,Good,Unknown,2.0,0.0,50.879928040955086,21279.493115396832
CR00013,Finance for Startups,Business,Free,Advanced,0.0,15.84,2.0,125,0.0,45,0.0,170,0.0,0.0,0.0,,,Unknown,Low,Short,Standard,Unknown,2.0,0.0,48.971776707563755,66.99073333333334
CR00014,Sales Mastery,Business,Free,Advanced,0.0,22.29,3.15,116,0.0,55,0.0,171,0.0,0.0,0.0,,,Unknown,Low,Medium,Good,Unknown,2.0,0.0,51.69604701164934,66.99073333333334
CR00015,Leadership Essentials,Business,Paid,Beginner,285.05,34.78,1.96,116,33065.8,52,14822.6,168,47888.4,3962.688787401575,285.05,,,Unknown,High,Medium,Standard,Unknown,0.0,0.0,48.461808653536096,15067.191364695775
CR00016,Digital Marketing,Marketing,Free,Intermediate,0.0,42.68,4.72,101,0.0,52,0.0,153,0.0,0.0,0.0,,,Unknown,Low,Long,Top,Unknown,1.0,0.0,52.17710062189522,11.814288888888889
CR00017,SEO Mastery,Marketing,Free,Advanced,0.0,29.37,4.79,110,0.0,48,0.0,158,0.0,0.0,0.0,,,Unknown,Low,Medium,Top,Unknown,2.0,0.0,51.93703450024215,11.814288888888889
CR00018,Social Media Marketing,Marketing,Free,Advanced,0.0,15.44,2.01,117,0.0,46,0.0,163,0.0,0.0,0.0,,,Unknown,Low,Short,Standard,Unknown,2.0,0.0,49.59607225207682,2.2485
CR00019,Content Marketing,Marketing,Free,Advanced,0.0,18.0,2.98,125,0.0,52,0.0,177,0.0,0.0,0.0,,,Unknown,Low,Medium,Good,Unknown,2.0,0.0,50.41960357250345,0.0
CR00020,Email Marketing,Marketing,Free,Intermediate,0.0,46.25,4.11,101,0.0,54,0.0,155,0.0,0.0,0.0,,,Unknown,Low,Long,Top,Unknown,1.0,0.0,47.97177373723131,19.10666555555556
CR00021,Data Analysis with Python,Data Science,Free,Intermediate,0.0,1.2,3.6,132,0.0,64,0.0,196,0.0,0.0,0.0,,,Unknown,Low,Short,Good,Unknown,1.0,0.0,55.7863317055487,4.5144728571428585
CR00022,Data Visualization,Data Science,Free,Beginner,0.0,32.64,3.65,125,0.0,52,0.0,177,0.0,0.0,0.0,,,Unknown,Low,Medium,Good,Unknown,0.0,0.0,52.17149390829186,0.0
CR00023,Machine Learning Fundamentals,Data Science,Free,Intermediate,0.0,9.71,3.02,135,0.0,50,0.0,185,0.0,0.0,0.0,,,Unknown,Low,Short,Good,Unknown,1.0,0.0,54.97720445899206,4.5144728571428585
CR00024,Big Data Analytics,Data Science,Paid,Advanced,117.68,48.09,2.57,110,12944.800000000001,56,6590.08,166,19534.88,1551.3374488188977,117.68,,,Unknown,High,Long,Good,Unknown,2.0,0.0,45.84643789348831,5397.402748716934
CR00025,Statistical Analysis,Data Science,Paid,Beginner,299.57,48.32,3.74,135,40441.95,57,17075.489999999998,192,57517.44,4846.665188976377,299.57,,,Unknown,High,Long,Good,Unknown,0.0,0.0,52.19415710796181,15345.341704775139
CR00026,Intro to Machine Learning,Machine Learning,Free,Intermediate,0.0,47.7,4.73,127,0.0,45,0.0,172,0.0,0.0,0.0,,,Unknown,Low,Long,Top,Unknown,1.0,0.0,53.40070386177082,30.126688888888893
CR00027,Neural Networks,Machine Learning,Free,Advanced,0.0,9.3,1.81,106,0.0,46,0.0,152,0.0,0.0,0.0,,,Unknown,Low,Short,Standard,Unknown,2.0,0.0,51.77058364620958,6.441299999999999
CR00028,Deep Learning,Machine Learning,Paid,Advanced,0.78,44.96,3.89,132,102.96000000000001,39,30.42,171,133.38,12.338985826771655,0.78,,,Unknown,Medium,Long,Top,Unknown,2.0,0.0,53.34243077743336,1331.6825942857138
CR00029,Natural Language Processing,Machine Learning,Free,Beginner,0.0,16.33,1.13,112,0.0,43,0.0,155,0.0,0.0,0.0,,,Unknown,Low,Short,Standard,Unknown,0.0,0.0,51.569903317301815,137.17792642857134
CR00030,Reinforcement Learning,Machine Learning,Free,Intermediate,0.0,38.49,1.73,105,0.0,64,0.0,169,0.0,0.0,0.0,,,Unknown,Low,Medium,Standard,Unknown,1.0,0.0,43.371850746895376,3.4703700000000004
CR00031,Network Security,Cybersecurity,Free,Intermediate,0.0,26.52,1.91,111,0.0,49,0.0,160,0.0,0.0,0.0,,,Unknown,Low,Medium,Standard,Unknown,1.0,0.0,49.13134550914301,3.86478
CR00032,Ethical Hacking,Cybersecurity,Free,Advanced,0.0,16.74,2.38,115,0.0,48,0.0,163,0.0,0.0,0.0,,,Unknown,Low,Medium,Standard,Unknown,2.0,0.0,49.276609255480565,0.1014
CR00033,Cybersecurity Fundamentals,Cybersecurity,Free,Intermediate,0.0,48.25,3.93,126,0.0,41,0.0,167,0.0,0.0,0.0,,,Unknown,Low,Long,Top,Unknown,1.0,0.0,52.05722775313745,18.3124
CR00034,Data Encryption,Cybersecurity,Paid,Intermediate,394.26,47.44,1.35,100,39426.0,50,19713.0,150,59139.0,4724.911181102362,394.26,,,Unknown,High,Long,Standard,Unknown,1.0,0.0,47.80119789835753,18639.01982468254
CR00035,Cyber Threat Intelligence,Cybersecurity,Free,Beginner,0.0,42.59,4.94,124,0.0,55,0.0,179,0.0,0.0,0.0,,,Unknown,Low,Long,Top,Unknown,0.0,0.0,50.31897416962016,115.51030444444446
CR00036,Agile Project Management,Project Management,Free,Beginner,0.0,15.75,4.68,120,0.0,57,0.0,177,0.0,0.0,0.0,,,Unknown,Low,Short,Top,Unknown,0.0,0.0,51.735492649279465,0.0
CR00037,Scrum Essentials,Project Management,Free,Intermediate,0.0,33.93,3.45,118,0.0,35,0.0,153,0.0,0.0,0.0,,,Unknown,Low,Medium,Good,Unknown,1.0,0.0,54.0304053571869,0.0
CR00038,Risk Management,Project Management,Paid,Intermediate,342.61,17.14,4.84,110,37687.1,48,16445.28,158,54132.380000000005,4516.5170236220465,342.61,,,Unknown,High,Medium,Top,Unknown,1.0,0.0,50.21610228086523,20354.369050000012
CR00039,Project Planning,Project Management,Paid,Advanced,346.71,3.42,1.23,108,37444.68,59,20455.89,167,57900.57,4487.4648,346.71,,,Unknown,High,Short,Standard,Unknown,2.0,0.0,47.01713822329168,16989.413266494714
CR00040,Leadership in Projects,Project Management,Paid,Beginner,327.99,12.13,1.51,122,40014.78,52,17055.48,174,57070.26,4795.472059842519,327.99,,,Unknown,High,Short,Standard,Unknown,0.0,0.0,49.82674048474698,17347.760402420638
CR00041,Financial Accounting,Finance,Paid,Beginner,53.86,47.08,2.47,115,6193.9,51,2746.86,166,8940.76,742.2925826771652,53.86,,,Unknown,High,Long,Standard,Unknown,0.0,0.0,47.218321698397645,3216.393296243386
CR00042,Investment Strategies,Finance,Free,Intermediate,0.0,34.83,4.1,134,0.0,49,0.0,183,0.0,0.0,0.0,,,Unknown,Low,Medium,Top,Unknown,1.0,0.0,51.35226035296569,5.388806428571432
CR00043,Corporate Finance,Finance,Free,Beginner,0.0,31.77,4.14,119,0.0,63,0.0,182,0.0,0.0,0.0,,,Unknown,Low,Medium,Top,Unknown,0.0,0.0,50.52830515557557,33.87794
CR00044,Personal Finance,Finance,Paid,Intermediate,119.04,23.41,2.75,118,14046.720000000001,43,5118.72,161,19165.440000000002,1683.3943181102363,119.04,,,Unknown,High,Medium,Good,Unknown,1.0,0.0,51.31926084490933,5615.743879748679
CR00045,Financial Modeling,Finance,Free,Advanced,0.0,6.36,1.59,120,0.0,52,0.0,172,0.0,0.0,0.0,,,Unknown,Low,Short,Standard,Unknown,2.0,0.0,52.16502502141337,16.53267
CR00046,AI for Beginners,Artificial Intelligence,Paid,Beginner,248.1,9.4,1.2,104,25802.399999999998,36,8931.6,140,34734.0,3092.2246299212593,248.09999999999997,,,Unknown,High,Short,Standard,Unknown,0.0,0.0,50.31456385327299,10329.96301095238
CR00047,Natural Language Processing,Artificial Intelligence,Paid,Intermediate,89.59,1.55,2.68,117,10482.03,49,4389.91,166,14871.94,1256.1928866141732,89.59,,,Unknown,High,Short,Good,Unknown,1.0,0.0,50.15277556871396,5364.940792936506
CR00048,AI Ethics,Artificial Intelligence,Free,Beginner,0.0,42.7,3.64,138,0.0,48,0.0,186,0.0,0.0,0.0,,,Unknown,Low,Long,Good,Unknown,0.0,0.0,48.65383868470322,5.388806428571432
CR00049,Deep Learning,Artificial Intelligence,Paid,Intermediate,415.51,28.33,3.11,113,46952.63,50,20775.5,163,67728.13,5626.921485039369,415.51,,,Unknown,High,Medium,Good,Unknown,1.0,0.0,50.93681156273647,19849.113242301588
CR00050,Computer Vision,Artificial Intelligence,Paid,Beginner,490.9,7.55,4.55,124,60871.6,50,24545.0,174,85416.59999999999,7295.005921259842,490.9,,,Unknown,High,Short,Top,Unknown,0.0,0.0,50.984438040610904,22660.491167076692
CR00051,HTML & CSS,Web Development,Paid,Advanced,37.89,24.11,1.3,120,4546.8,51,1932.39,171,6479.1900000000005,544.899968503937,37.89,,,Unknown,Medium,Medium,Standard,Unknown,2.0,0.0,43.94421022345487,1581.4163627777796
CR00052,JavaScript Mastery,Web Development,Free,Beginner,0.0,40.76,2.2,116,0.0,38,0.0,154,0.0,0.0,0.0,,,Unknown,Low,Long,Standard,Unknown,0.0,0.0,52.76661938249939,88.83747833333334
CR00053,React for Beginners,Web Development,Free,Advanced,0.0,40.07,2.67,112,0.0,51,0.0,163,0.0,0.0,0.0,,,Unknown,Low,Long,Good,Unknown,2.0,0.0,48.32316776586943,142.4367444444444
CR00054,Backend Development with Node.js,Web Development,Free,Beginner,0.0,48.57,3.32,118,0.0,60,0.0,178,0.0,0.0,0.0,,,Unknown,Low,Long,Good,Unknown,0.0,0.0,49.1164897033821,85.33404277777775
CR00055,Full-Stack Web Development,Web Development,Paid,Advanced,57.32,43.95,4.74,125,7165.0,53,3037.96,178,10202.960000000001,858.671653543307,57.32,,,Unknown,High,Long,Top,Unknown,2.0,0.0,42.226128603515754,2798.7510761111125
CR00056,Google Ads Mastery,Digital Marketing,Paid,Advanced,212.39,22.89,3.15,108,22938.12,40,8495.599999999999,148,31433.719999999998,2748.962097637795,212.39,,,Unknown,High,Medium,Good,Unknown,2.0,0.0,51.18989123421497,9793.373387288357
CR00057,SEO for E-commerce,Digital Marketing,Paid,Advanced,177.34,49.73,3.89,111,19684.74,29,5142.86,140,24827.600000000002,2359.068840944882,177.34,,,Unknown,High,Long,Top,Unknown,2.0,0.0,51.88662614709486,5878.068089748678
CR00058,Social Media Strategy,Digital Marketing,Free,Beginner,0.0,1.46,4.44,131,0.0,63,0.0,194,0.0,0.0,0.0,,,Unknown,Low,Short,Top,Unknown,0.0,0.0,48.0791306510758,2.6581285714285716
CR00059,Affiliate Marketing,Digital Marketing,Free,Intermediate,0.0,5.95,4.66,122,0.0,39,0.0,161,0.0,0.0,0.0,,,Unknown,Low,Short,Top,Unknown,1.0,0.0,53.09715198930424,10.126533333333333
CR00060,Content Creation,Digital Marketing,Free,Beginner,0.0,8.95,2.14,106,0.0,59,0.0,165,0.0,0.0,0.0,,,Unknown,Low,Short,Standard,Unknown,0.0,0.0,48.95993744469959,9.1562
