Month,CourseCategory,Revenue,Enrollments
2025-01-01,Artificial Intelligence,21094.54,80
2025-01-01,Business,18028.33,82
2025-01-01,Cybersecurity,4731.12,59
2025-01-01,Data Science,5552.67,75
2025-01-01,Design,3040.07,49
2025-01-01,Digital Marketing,5810.9,65
2025-01-01,Finance,1944.44,75
2025-01-01,Machine Learning,13.26,70
2025-01-01,Marketing,0.0,68
2025-01-01,Programming,8501.039999999999,72
2025-01-01,Project Management,13141.95,69
2025-01-01,Web Development,1181.38,69
2025-02-01,Artificial Intelligence,19459.26,81
2025-02-01,Business,12579.03,61
2025-02-01,Cybersecurity,3942.6,61
2025-02-01,Data Science,5969.92,69
2025-02-01,Design,3869.1800000000003,61
2025-02-01,Digital Marketing,3295.18,69
2025-02-01,Finance,2032.26,65
2025-02-01,Machine Learning,7.800000000000001,56
2025-02-01,Marketing,0.0,59
2025-02-01,Programming,5195.08,58
2025-02-01,Project Management,9491.98,63
2025-02-01,Web Development,1141.55,63
2025-03-01,Artificial Intelligence,21025.149999999998,84
2025-03-01,Business,16316.050000000001,81
2025-03-01,Cybersecurity,3548.34,62
2025-03-01,Data Science,7103.99,82
2025-03-01,Design,4421.92,64
2025-03-01,Digital Marketing,4816.96,78
2025-03-01,Finance,2259.02,63
2025-03-01,Machine Learning,15.600000000000001,62
2025-03-01,Marketing,0.0,60
2025-03-01,Programming,3778.24,63
2025-03-01,Project Management,16565.19,74
2025-03-01,Web Development,1769.16,84
2025-04-01,Artificial Intelligence,15798.31,61
2025-04-01,Business,17095.920000000002,77
2025-04-01,Cybersecurity,5125.38,69
2025-04-01,Data Science,8184.59,80
2025-04-01,Design,3592.81,76
2025-04-01,Digital Marketing,5031.44,68
2025-04-01,Finance,1706.3600000000001,70
2025-04-01,Machine Learning,12.48,68
2025-04-01,Marketing,0.0,58
2025-04-01,Programming,6611.92,65
2025-04-01,Project Management,14278.0,72
2025-04-01,Web Development,1219.27,67
2025-05-01,Artificial Intelligence,13702.17,63
2025-05-01,Business,10504.44,55
2025-05-01,Cybersecurity,3942.6,67
2025-05-01,Data Science,8837.2,85
2025-05-01,Design,4698.29,68
2025-05-01,Digital Marketing,5243.83,62
2025-05-01,Finance,1986.98,70
2025-05-01,Machine Learning,11.700000000000001,74
2025-05-01,Marketing,0.0,60
2025-05-01,Programming,8028.759999999999,76
2025-05-01,Project Management,13899.73,73
2025-05-01,Web Development,1428.15,72
2025-06-01,Artificial Intelligence,17239.39,69
2025-06-01,Business,15833.050000000001,72
2025-06-01,Cybersecurity,5913.9,75
2025-06-01,Data Science,5520.45,73
2025-06-01,Design,3592.81,82
2025-06-01,Digital Marketing,7227.53,84
2025-06-01,Finance,3642.2200000000003,79
2025-06-01,Machine Learning,12.48,75
2025-06-01,Marketing,0.0,84
2025-06-01,Programming,5195.08,66
2025-06-01,Project Management,14535.210000000001,66
2025-06-01,Web Development,1753.6100000000001,74
2025-07-01,Artificial Intelligence,16032.59,66
2025-07-01,Business,18356.57,71
2025-07-01,Cybersecurity,3548.34,72
2025-07-01,Data Science,4878.58,82
2025-07-01,Design,2210.96,77
2025-07-01,Digital Marketing,5278.88,57
2025-07-01,Finance,2777.7200000000003,82
2025-07-01,Machine Learning,12.48,64
2025-07-01,Marketing,0.0,60
2025-07-01,Programming,5667.36,73
2025-07-01,Project Management,12514.67,63
2025-07-01,Web Development,1103.66,59
2025-08-01,Artificial Intelligence,12370.91,63
2025-08-01,Business,10173.74,53
2025-08-01,Cybersecurity,6308.16,80
2025-08-01,Data Science,5434.99,67
2025-08-01,Design,4145.55,64
2025-08-01,Digital Marketing,3614.81,70
2025-08-01,Finance,2896.76,76
2025-08-01,Machine Learning,11.700000000000001,80
2025-08-01,Marketing,0.0,76
2025-08-01,Programming,5667.36,65
2025-08-01,Project Management,15645.58,74
2025-08-01,Web Development,1332.94,76
2025-09-01,Artificial Intelligence,13590.21,54
2025-09-01,Business,16361.94,72
2025-09-01,Cybersecurity,5913.9,73
2025-09-01,Data Science,7991.96,85
2025-09-01,Design,2763.7,70
2025-09-01,Digital Marketing,5031.44,69
2025-09-01,Finance,2324.2000000000003,74
2025-09-01,Machine Learning,12.48,87
2025-09-01,Marketing,0.0,74
2025-09-01,Programming,10862.439999999999,71
2025-09-01,Project Management,14674.45,67
2025-09-01,Web Development,1524.33,74
2025-10-01,Artificial Intelligence,16260.02,59
2025-10-01,Business,18680.37,75
2025-10-01,Cybersecurity,1971.3,60
2025-10-01,Data Science,5124.68,64
2025-10-01,Design,3592.81,66
2025-10-01,Digital Marketing,3045.6499999999996,52
2025-10-01,Finance,2094.7,72
2025-10-01,Machine Learning,7.800000000000001,58
2025-10-01,Marketing,0.0,66
2025-10-01,Programming,6139.639999999999,63
2025-10-01,Project Management,13208.09,65
2025-10-01,Web Development,1161.95,62
2025-11-01,Artificial Intelligence,20494.989999999998,79
2025-11-01,Business,12985.01,71
2025-11-01,Cybersecurity,8279.46,74
2025-11-01,Data Science,6012.65,73
2025-11-01,Design,3869.1800000000003,72
2025-11-01,Digital Marketing,5313.93,75
2025-11-01,Finance,2355.42,67
2025-11-01,Machine Learning,7.0200000000000005,60
2025-11-01,Marketing,0.0,81
2025-11-01,Programming,6139.639999999999,73
2025-11-01,Project Management,16582.13,77
2025-11-01,Web Development,1313.51,67
2025-12-01,Artificial Intelligence,15683.13,70
2025-12-01,Business,14613.130000000001,63
2025-12-01,Cybersecurity,5913.9,67
2025-12-01,Data Science,6440.64,81
2025-12-01,Design,3316.44,78
2025-12-01,Digital Marketing,2550.77,59
2025-12-01,Finance,2086.12,71
2025-12-01,Machine Learning,8.58,65
2025-12-01,Marketing,0.0,60
2025-12-01,Programming,5667.36,61
2025-12-01,Project Management,14566.23,66
2025-12-01,Web Development,1752.64,77
